"id","idCategoriaBoletim","titulo","fonte","dataPublicacao","gravata","texto","nomeImg","textoPuro","created_at","updated_at","linkURL","linkExterno","destaque","autor","legenda","remoto"
"669","93","Teste",,"3/3/2017 12:32:55","","É um fato conhecido de todos que um leitor se distrairá com o conteúdo 
de texto legível de uma página quando estiver examinando sua 
diagramação. A vantagem de usar Lorem Ipsum é que ele tem uma 
distribuição normal de letras, ao contrário de ""Conteúdo aqui, conteúdo 
aqui"", fazendo com que ele tenha uma aparência similar a de um texto 
legível. Muitos softwares de publicação e editores de páginas na 
internet agora usam Lorem Ipsum como texto-modelo padrão, e uma rápida 
busca por 'lorem ipsum' mostra vários websites ainda em sua fase de 
construção. Várias versões novas surgiram ao longo dos anos, 
eventualmente por acidente, e às vezes de propósito (injetando humor, e 
coisas do gênero).","","É um fato conhecido de todos que um leitor se distrairá com o conteúdo 
de texto legível de uma página quando estiver examinando sua 
diagramação. A vantagem de usar Lorem Ipsum é que ele tem uma 
distribuição normal de letras, ao contrário de ""Conteúdo aqui, conteúdo 
aqui"", fazendo com que ele tenha uma aparência similar a de um texto 
legível. Muitos softwares de publicação e editores de páginas na 
internet agora usam Lorem Ipsum como texto-modelo padrão, e uma rápida 
busca por 'lorem ipsum' mostra vários websites ainda em sua fase de 
construção. Várias versões novas surgiram ao longo dos anos, 
eventualmente por acidente, e às vezes de propósito (injetando humor, e 
coisas do gênero).","3/3/2017 12:32:55","3/3/2017 12:32:55",,"1","0",,,"0"
"670","97","Novo Teste",,"3/3/2017 12:33:10","","É um fato conhecido de todos que um leitor se distrairá com o conteúdo 
de texto legível de uma página quando estiver examinando sua 
diagramação. A vantagem de usar Lorem Ipsum é que ele tem uma 
distribuição normal de letras, ao contrário de ""Conteúdo aqui, conteúdo 
aqui"", fazendo com que ele tenha uma aparência similar a de um texto 
legível. Muitos softwares de publicação e editores de páginas na 
internet agora usam Lorem Ipsum como texto-modelo padrão, e uma rápida 
busca por 'lorem ipsum' mostra vários websites ainda em sua fase de 
construção. Várias versões novas surgiram ao longo dos anos, 
eventualmente por acidente, e às vezes de propósito (injetando humor, e 
coisas do gênero).","","É um fato conhecido de todos que um leitor se distrairá com o conteúdo 
de texto legível de uma página quando estiver examinando sua 
diagramação. A vantagem de usar Lorem Ipsum é que ele tem uma 
distribuição normal de letras, ao contrário de ""Conteúdo aqui, conteúdo 
aqui"", fazendo com que ele tenha uma aparência similar a de um texto 
legível. Muitos softwares de publicação e editores de páginas na 
internet agora usam Lorem Ipsum como texto-modelo padrão, e uma rápida 
busca por 'lorem ipsum' mostra vários websites ainda em sua fase de 
construção. Várias versões novas surgiram ao longo dos anos, 
eventualmente por acidente, e às vezes de propósito (injetando humor, e 
coisas do gênero).","3/3/2017 12:33:10","3/3/2017 12:33:10",,"1","0",,,"0"
"671","104","Outro novo teste",,"3/3/2017 12:33:21","","É um fato conhecido de todos que um leitor se distrairá com o conteúdo 
de texto legível de uma página quando estiver examinando sua 
diagramação. A vantagem de usar Lorem Ipsum é que ele tem uma 
distribuição normal de letras, ao contrário de ""Conteúdo aqui, conteúdo 
aqui"", fazendo com que ele tenha uma aparência similar a de um texto 
legível. Muitos softwares de publicação e editores de páginas na 
internet agora usam Lorem Ipsum como texto-modelo padrão, e uma rápida 
busca por 'lorem ipsum' mostra vários websites ainda em sua fase de 
construção. Várias versões novas surgiram ao longo dos anos, 
eventualmente por acidente, e às vezes de propósito (injetando humor, e 
coisas do gênero).","","É um fato conhecido de todos que um leitor se distrairá com o conteúdo 
de texto legível de uma página quando estiver examinando sua 
diagramação. A vantagem de usar Lorem Ipsum é que ele tem uma 
distribuição normal de letras, ao contrário de ""Conteúdo aqui, conteúdo 
aqui"", fazendo com que ele tenha uma aparência similar a de um texto 
legível. Muitos softwares de publicação e editores de páginas na 
internet agora usam Lorem Ipsum como texto-modelo padrão, e uma rápida 
busca por 'lorem ipsum' mostra vários websites ainda em sua fase de 
construção. Várias versões novas surgiram ao longo dos anos, 
eventualmente por acidente, e às vezes de propósito (injetando humor, e 
coisas do gênero).","3/3/2017 12:33:21","3/3/2017 12:33:21",,"1","0",,,"0"
"672","105","Teste novo",,"3/3/2017 13:10:51","","É um fato conhecido de todos que um leitor se distrairá com o conteúdo 
de texto legível de uma página quando estiver examinando sua 
diagramação. A vantagem de usar Lorem Ipsum é que ele tem uma 
distribuição normal de letras, ao contrário de ""Conteúdo aqui, conteúdo 
aqui"", fazendo com que ele tenha uma aparência similar a de um texto 
legível. Muitos softwares de publicação e editores de páginas na 
internet agora usam Lorem Ipsum como texto-modelo padrão, e uma rápida 
busca por 'lorem ipsum' mostra vários websites ainda em sua fase de 
construção. Várias versões novas surgiram ao longo dos anos, 
eventualmente por acidente, e às vezes de propósito (injetando humor, e 
coisas do gênero).","","É um fato conhecido de todos que um leitor se distrairá com o conteúdo 
de texto legível de uma página quando estiver examinando sua 
diagramação. A vantagem de usar Lorem Ipsum é que ele tem uma 
distribuição normal de letras, ao contrário de ""Conteúdo aqui, conteúdo 
aqui"", fazendo com que ele tenha uma aparência similar a de um texto 
legível. Muitos softwares de publicação e editores de páginas na 
internet agora usam Lorem Ipsum como texto-modelo padrão, e uma rápida 
busca por 'lorem ipsum' mostra vários websites ainda em sua fase de 
construção. Várias versões novas surgiram ao longo dos anos, 
eventualmente por acidente, e às vezes de propósito (injetando humor, e 
coisas do gênero).","3/3/2017 13:10:51","3/3/2017 13:10:51",,"1","0",,,"0"
"673","97","Teste",,"3/3/2017 13:12:39","","É um fato conhecido de todos que um leitor se distrairá com o conteúdo 
de texto legível de uma página quando estiver examinando sua 
diagramação. A vantagem de usar Lorem Ipsum é que ele tem uma 
distribuição normal de letras, ao contrário de ""Conteúdo aqui, conteúdo 
aqui"", fazendo com que ele tenha uma aparência similar a de um texto 
legível. Muitos softwares de publicação e editores de páginas na 
internet agora usam Lorem Ipsum como texto-modelo padrão, e uma rápida 
busca por 'lorem ipsum' mostra vários websites ainda em sua fase de 
construção. Várias versões novas surgiram ao longo dos anos, 
eventualmente por acidente, e às vezes de propósito (injetando humor, e 
coisas do gênero).","","É um fato conhecido de todos que um leitor se distrairá com o conteúdo 
de texto legível de uma página quando estiver examinando sua 
diagramação. A vantagem de usar Lorem Ipsum é que ele tem uma 
distribuição normal de letras, ao contrário de ""Conteúdo aqui, conteúdo 
aqui"", fazendo com que ele tenha uma aparência similar a de um texto 
legível. Muitos softwares de publicação e editores de páginas na 
internet agora usam Lorem Ipsum como texto-modelo padrão, e uma rápida 
busca por 'lorem ipsum' mostra vários websites ainda em sua fase de 
construção. Várias versões novas surgiram ao longo dos anos, 
eventualmente por acidente, e às vezes de propósito (injetando humor, e 
coisas do gênero).","3/3/2017 13:12:39","3/3/2017 13:12:39",,"1","0",,,"0"
"674","97","Teste de Pop-Up",,"3/3/2017 13:14:01","","ffffffffffffffffffffffffffffffff","","ffffffffffffffffffffffffffffffff","3/3/2017 13:14:01","3/3/2017 13:14:01",,"1","0",,,"0"
"675","95","ffffffffffffffffffff",,"3/3/2017 13:14:07","","fffffffffffffffff","","fffffffffffffffff","3/3/2017 13:14:07","3/3/2017 13:14:07",,"1","0",,,"0"
