"id","idCategoriaEntidade","nome","composicao","horarioFuncionamento","telefone","email","nomeImg","endereco","descricao","created_at","updated_at","remoto"
"1","7","CONSELHO TUTELAR DO DIREITOS DA CRIANÇA E DO ADOLESCENTE DE FRONTEIRA - MG","<p><span style=""color:#000099""><span style=""font-size:18px"">Conselhereiras Tutelares Atuantes:</span></span></p>

<p><span style=""font-size:18px"">Amanda Cristina de Souza Silva <br />
Anielle Garcez Silva Nunes<br />
Eunice Lima da Silva Oliveira<br />
Grazielle Cristina Pereira Lau de Souza<br />
Naiara dos Santos Neves</span></p>
","08:00 - 11:00  e  das 13:00 17:00 hs  /  Plantão no Celular 24 Horas: (34)99986 - 5713","(34) 3199-9703  -  (34) 99986 - 5713      ","conselhotutelar@fronteira.mg.gov.br","thumb200x200581085-1.jpg","Endereço: Avenida Liberdade, Nº15, Bairro: Furnas , CEP - 38230 - 000","<p>O Conselho Tutelar é um órgão responsável por zelar pelos direitos das crianças e dos adolescentes, garantindo sua proteção e bem-estar. Ele é composto por cinco membros eleitos pela comunidade local, para um mandato de quatro anos, e atua de forma autônoma, ou seja, sem subordinação a qualquer outro órgão do governo.</p>

<p>Dentre as principais atribuições do Conselho Tutelar, podemos destacar:</p>

<ul>
	<li>Receber e atender denúncias de violação dos direitos da criança e do adolescente, encaminhando-as para os órgãos competentes;</li>
	<li>Atender crianças e adolescentes em situação de risco pessoal ou social;</li>
	<li>Fiscalizar entidades que abrigam crianças e adolescentes, como abrigos e casas de acolhimento;</li>
	<li>Acompanhar o processo de adoção de crianças e adolescentes;</li>
	<li>Aplicar medidas de proteção, como encaminhamento para programas de assistência social, orientação, apoio e acompanhamento temporário em meio familiar substituto;</li>
	<li>Aplicar medidas de advertência aos pais ou responsáveis que praticarem atos contrários aos direitos da criança e do adolescente;</li>
	<li>Representar junto à autoridade judiciária nos casos de descumprimento injustificado de suas deliberações.</li>
</ul>

<p>O Conselho Tutelar é um órgão muito importante para a proteção e garantia dos direitos das crianças e dos adolescentes, e deve ser acionado sempre que houver suspeita ou constatação de violação desses direitos.</p>
","7/3/2021 16:31:43","30/3/2023 13:57:08","0"
"2","6","CONSELHO MUNICIPAL DE EDUCAÇÃO ","<p><span style=""font-size:16px""><span style=""color:#3498db""><strong>PRESIDENTE DO CONSELHO MUNICIPAL DA EDUCAÇÃO (CME): </strong></span></span><br />
<span style=""font-size:16px""><strong>Carla Peixoto</strong></span></p>

<p><span style=""color:#3498db""><strong><span style=""font-size:12.0pt"">REPRESENTANTE DO PODER CÂMARA MUNICIPAL:</span></strong></span><br />
<strong><span style=""font-size:12.0pt"">Karen Cristina Medina Moura</span></strong></p>

<p><span style=""color:#3498db""><strong><span style=""font-size:12.0pt"">REPRESENTANTE SECRETARIA MUNICIPAL DE EDUCAÇÃO:</span></strong></span><br />
<strong><span style=""font-size:12.0pt"">Rejeane Aparecida Lopes de Souza e Paula</span></strong></p>

<p><span style=""color:#3498db""><strong><span style=""font-size:12.0pt"">REPRESENTANTE DOS PROFESSORES DA EDUCAÇÃO BÁSICA PÚBLICA:</span></strong></span><br />
<strong><span style=""font-size:12.0pt"">Váleria Garcia</span></strong></p>

<p><span style=""color:#3498db""><strong><span style=""font-size:12.0pt"">REPRESENTANTE DOS DIRETORES DAS ESCOLAS BÁSICAS PÚBLICAS:</span></strong></span><br />
<strong><span style=""font-size:12.0pt"">Juliana Rodrigues de Andrade</span></strong></p>

<p><span style=""color:#3498db""><strong><span style=""font-size:12.0pt"">REPRESENTANTES DOS PAIS DE ALUNOS DE EDUCAÇÃO BÁSICA PÚBLICA:</span></strong></span><br />
<strong><span style=""font-size:12.0pt"">Edionéia Irene de Lime Silva  </span></strong></p>

<p><span style=""color:#3498db""><strong><span style=""font-size:12.0pt"">REPRESENTANTE DAS ESCOLAS DO ESTADO</span></strong></span><br />
<strong><span style=""font-size:12.0pt"">Cristiane Souza Silva</span></strong></p>

<p><span style=""color:#3498db""><strong><span style=""font-size:12.0pt"">REPRESENTANTE DO CONSELHO TUTELAR: </span></strong></span><br />
<strong><span style=""font-size:12.0pt"">Eunice Lima Silva Oliveira</span></strong></p>

<p><span style=""color:#3498db""><strong><span style=""font-size:12.0pt"">REPRESENTANTE ORGANIZAÇÃO DA SOCIEDADE CIVIL</span></strong></span><br />
<strong><span style=""font-size:12.0pt"">Elieser Cesário da Silva   </span></strong></p>

<p><span style=""color:#3498db""><strong><span style=""font-size:12.0pt"">REPRESENTANTE DE INSTITUIÇÃO FILANTRÓPICA</span></strong></span><br />
<strong><span style=""font-size:12.0pt"">Maria Inês Ramos  </span></strong></p>

<p><span style=""color:#3498db""><strong><span style=""font-size:12.0pt"">REPRESENTANTE DE ESPECIALISTA DE EDUCAÇÃO BÁSICA PUBLICA</span></strong></span><br />
<strong><span style=""font-size:12.0pt"">Edina Carraro Marques</span></strong></p>
","08:00 - 11:00  e  das 13:00 17:00 hs  ","(34) 3199-9781","cme@fronteira.mg.gov.br","imagem1.jpg","Rua Jandira Batista de Oliveira, Nº 545, Bairro: Vila de Furnas - CEP: 38230 - 000","<p style=""text-align:justify"">Conselho Municipal de Educação é responsável por assessorar o poder executivo na formulação, implantação e avaliação da política educacional do município. Ele é composto por representantes da sociedade civil e do poder público, e tem como objetivo promover o debate sobre questões educacionais, propor políticas públicas, acompanhar a execução das ações educacionais e zelar pela qualidade da educação oferecida à população. Além disso, o Conselho Municipal de Educação é responsável por estabelecer normas e diretrizes para o sistema educacional do município, bem como deliberar sobre assuntos relacionados à educação, como a criação ou alteração de escolas, a contratação de professores e a definição de currículos escolares.</p>
","16/3/2023 10:25:52","30/3/2023 13:55:52","0"
"3","6","CONSELHOR DE ALIMENTAÇÃO ESCOLAR","<p><strong><span style=""color:#3498db""><span style=""font-size:12.0pt"">REPRESENTANTE DO PODER EXECUTIVO</span></span></strong><br />
<span style=""font-size:12.0pt"">João Batista Martins Junior </span></p>

<p><strong><span style=""color:#3498db""><span style=""font-size:12.0pt"">REPRESENTANTE DOS PROFESSORES</span></span></strong><br />
<span style=""font-size:12.0pt"">Natália Leocadia de Oliveira</span><br />
<span style=""font-size:12.0pt"">Nilzareth Aparecida de Camargo</span></p>

<p><strong><span style=""color:#3498db""><span style=""font-size:12.0pt"">REPRESENTANTE DOS PAIS DE ALUNOS</span></span></strong><br />
<span style=""font-size:12.0pt"">Bruna Resende dos Santos</span><br />
<span style=""font-size:12.0pt"">Nathalia Paiva Pettinelle</span><br />
<br />
<strong><span style=""color:#3498db""><span style=""font-size:12.0pt"">REPRESENTANTE DA SOCIEDADE CIVIL</span></span></strong><br />
<span style=""font-size:12.0pt"">Joaquim Candido da Silva<br />
Oeder Pedro Ferreira</span><br />
 </p>
","08:00 - 11:00  e  das 13:00 17:00 hs ","(34) 3199-9781","cae@fronteira.mg.gov.br","imagem2.jpg","Rua Jandira Batista de Oliveira, Nº 545, Bairro: Vila de Furnas, CEP -  38230-000","<p>O Conselho de Alimentação Escolar (CAE) é um órgão colegiado, de caráter fiscalizador, deliberativo e de assessoramento, responsável pelo acompanhamento e controle social dos recursos federais destinados à alimentação escolar. Ele tem como objetivo principal garantir que os recursos repassados pelo Governo Federal sejam utilizados de forma adequada na alimentação escolar, promovendo uma alimentação saudável e de qualidade para os estudantes das escolas públicas.</p>

<p>Entre as principais atribuições do CAE, podemos destacar:</p>

<ul>
	<li>Acompanhar e fiscalizar a aplicação dos recursos federais destinados à alimentação escolar;</li>
	<li>Verificar a qualidade dos alimentos adquiridos e servidos nas escolas, bem como a adequação nutricional das refeições;</li>
	<li>Orientar e estimular a participação da comunidade escolar no planejamento, execução, acompanhamento e controle da alimentação escolar;</li>
	<li>Promover ações de educação alimentar e nutricional para os estudantes, professores e demais envolvidos no processo de alimentação escolar;</li>
	<li>Elaborar relatórios e pareceres sobre a execução do Programa Nacional de Alimentação Escolar (PNAE) no município, que devem ser encaminhados aos órgãos competentes.</li>
</ul>

<p>O CAE é um órgão muito importante para garantir a qualidade da alimentação escolar, promover hábitos alimentares saudáveis e estimular a participação da comunidade escolar na gestão da alimentação escolar. Sua atuação é fundamental para o bom funcionamento do Programa Nacional de Alimentação Escolar e para a promoção da educação de qualidade.</p>
","16/3/2023 10:31:14","30/3/2023 13:56:25","0"
"4","6","CACS / FUNDEB","<p> <strong><span style=""font-size:12.0pt""><span style=""color:black"">MEMBROS TITULARES DO CACSFUNDEB QUADRIÊNIO 2023/2026 </span></span></strong></p>

<p><span style=""font-size:12.0pt""><span style=""color:#3498db""><strong>PRESIDENTE</strong>: </span>Edionéia Irene de Lima Silva </span><br />
<span style=""font-size:12.0pt""><span style=""color:#3498db""><strong>VICE -PRESIDENTE:</strong> </span>Bruna Figueiredo </span></p>

<p><u><span style=""font-size:12.0pt"">CONSELHEIROS:</span></u></p>

<p><strong><span style=""color:#3498db""><span style=""font-size:12.0pt"">REPRESENTANTE PODER EXECUTIVO MUNICIPAL</span></span></strong><br />
<span style=""font-size:12.0pt"">Geissimara Buzini <br />
Vanessa Coromi Basilio IL Morales Galdino</span></p>

<p><strong><span style=""color:#3498db""><span style=""font-size:12.0pt"">REPRESENTANTE DOS PROFESSORES DA EDUCAÇÃO BÁSICA PÚBLICA</span></span></strong><br />
<span style=""font-size:12.0pt"">Glauciane de Souza Costa Miziara </span></p>

<p><strong><span style=""color:#3498db""><span style=""font-size:12.0pt"">REPRESENTANTE DOS DIRETORES DA EDUCAÇÃO BÁSICA PÚBLICA </span></span></strong><br />
<span style=""font-size:12.0pt"">Edilaine Fernandes de Freitas </span></p>

<p><strong><span style=""color:#3498db""><span style=""font-size:12.0pt"">REPRESENTANTE DOS SERVIDORES TÉCNICOS ADMINISTRATIVOS DA EDUCAÇÃO BÁSICA PÚBLICA</span></span></strong><br />
<span style=""font-size:12.0pt"">Micaela Cardoso Silva </span></p>

<p><strong><span style=""color:#3498db""><span style=""font-size:12.0pt"">REPRESENTANTE DOS </span><span style=""font-size:12.0pt""><span style=""background-color:white"">PAIS DE ALUNOS DA EDUCAÇÃO BÁSICA PÚBLICA</span></span><span style=""font-size:12.0pt"">.</span></span></strong><br />
<span style=""font-size:12.0pt"">Edionéia Irene de Lima Silva </span><br />
<span style=""font-size:12.0pt"">Sandra Rodrigues de Sá Rosa </span></p>

<p><strong><span style=""color:#3498db""><span style=""font-size:12.0pt"">REPRESENTANTE DOS ESTUDANTES DA EDUCAÇÃO BÁSICA PÚBICA</span></span></strong><br />
<span style=""font-size:12.0pt"">Evani José Pedroso  </span><br />
<span style=""font-size:12.0pt"">João Alves Nunes </span></p>

<p><strong><span style=""color:#3498db""><span style=""font-size:12.0pt"">REPRESENTANTE DO CONSELHO MUNICIPAL DE EDUCAÇÃO</span></span></strong><br />
<span style=""font-size:12.0pt"">Bruna Figueiredo </span></p>

<p><strong><span style=""color:#3498db""><span style=""font-size:12.0pt"">REPRESENTANTE DO CONSELHO TUTELAR </span></span></strong><br />
<span style=""font-size:12.0pt"">Eunice Lima Silva de Oliveira </span></p>

<p><strong><span style=""color:#3498db""><span style=""font-size:12.0pt"">REPRESENTANTE DAS ORGANIZAÇÕES DA SOCIEDADE CIVIL</span></span></strong><br />
<span style=""font-size:12.0pt"">Elieser Cesário da Silva <br />
Reginaldo Luiz de Oliveira </span></p>
","08:00 - 11:00  e  das 13:00 17:00 hs","(34) 3199-9781"," cacsfundeb@fronteira.mg.gov.br","imagem3.jpg","Rua Jandira Batista de Oliveira, Nº 545, Bairro: Vila de Furnas, CEP - 38230-000","<p>O CAS (Conselho de Acompanhamento Social) e o FUNDEB (Fundo de Manutenção e Desenvolvimento da Educação Básica e de Valorização dos Profissionais da Educação) são dois órgãos relacionados à gestão dos recursos financeiros destinados à educação.</p>

<p>O FUNDEB é um fundo que tem como objetivo garantir recursos para a manutenção e o desenvolvimento da educação básica pública, além de valorizar os profissionais da educação. Ele é formado por recursos provenientes de impostos e transferências dos governos federal, estaduais e municipais.</p>

<p>Já o CAS é um órgão colegiado, composto por representantes da sociedade civil e do poder público, responsável pelo acompanhamento e fiscalização da aplicação dos recursos do FUNDEB. Ele tem como objetivo principal garantir a transparência e a efetividade na aplicação dos recursos do fundo, bem como promover a participação da comunidade no processo de gestão dos recursos destinados à educação.</p>
","16/3/2023 10:50:00","30/3/2023 13:56:11","0"
"5","7","CMDCA","<p> <strong>MEMBROS TITULARES DO CMDCA GESTÃO: 27/03/2023 À 23/08/2024</strong></p>

<p><span style=""color:#3498db""><strong>PRESIDENTE</strong>:</span> Neif Chala<br />
<span style=""color:#3498db""><strong>VICE -PRESIDENTE:</strong></span> Paulo Cesar Machado Alves</p>

<p><span style=""color:#3498db""><strong>PRIMEIRO SECRETÁRIO: </strong></span>Adalberto Luciano de Lima<br />
<span style=""color:#3498db""><strong>SEGUNDO SECRETÁRIO: </strong></span>Juliana Rodrigues de Andrade</p>

<p><span style=""color:#3498db""><strong>PRIMEIRO TESOUREIRO: </strong></span>Reginaldo Luiz de Oliveira <br />
<strong>SEGUNDO TEOUREIRO: </strong>Fabricio Angelino Filipe </p>

<p><span style=""color:#3498db""><strong>ACESSOR JURÍDICO: </strong></span>Doutor Ricardo Boelho Fonseca</p>

<p> </p>

<p> </p>

<p> </p>
","Segunda a Sexta-feira: 08h ÀS 11h / 13h ÀS 17h","(34) 3199-9990","cmdca@fronteira.mg.gov.br","cmdca-novo.png","Avenida Minas Gerais, Nº 545, Bairro: Centro - CEP: 38230 - 000","<p>O CMDCA é um conselho composto por representantes da sociedade civil e do poder público, responsável por formular e acompanhar as políticas públicas voltadas para a promoção, proteção e defesa dos direitos das crianças e adolescentes em âmbito municipal. Entre as suas atribuições, destacam-se a elaboração do Plano Municipal dos Direitos da Criança e do Adolescente, a fiscalização das políticas e ações voltadas para essa população, a aprovação de projetos financiados com recursos do Fundo Municipal dos Direitos da Criança e do Adolescente, além de outras atividades relacionadas à garantia dos direitos dessa parcela da população. O CMDCA é um importante instrumento de participação social e de fortalecimento da democracia, tendo em vista que representa a voz da sociedade na formulação e acompanhamento das políticas públicas voltadas para as crianças e adolescentes.</p>
","4/4/2023 14:41:38","26/10/2023 09:20:47","0"
"6","7","CMAS","<p> <strong>MEMBROS TITULARES DO CMAS BIÊNIO 2022/2024</strong></p>

<p><span style=""color:#3498db""><strong>PRESIDENTE</strong>:</span> Miria Santana Nogueira<br />
<span style=""color:#3498db""><strong>VICE -PRESIDENTE:</strong> </span>Ilza Aparecida da Silva </p>

<p><span style=""color:#95a5a6""><u>CONSELHEIROS:</u></span></p>

<p><span style=""color:#3498db""><strong>REPRESENTANTE DA ASSISTÊNCIA SOCIAL</strong>:</span> <br />
Evellyn Trindade de Castro Martins Ferreira<br />
Rebeca Miranda dos Santos</p>

<p><span style=""color:#3498db""><strong>REPRESENTANTE DA EDUCAÇÃO</strong>:</span> <br />
Paula Feres da Silva <br />
Luany Jerônimo de Oliveira</p>

<p><span style=""color:#3498db""><strong>REPRESENTANTE DA SAÚDE</strong>:</span> <br />
Adriana Elias Gaioso Ferreira<br />
Carolina Nunes Coelho</p>

<p><span style=""color:#3498db""><strong>REPRESENTANTE DA ENTIDADE</strong>:</span> <br />
Ilza Aparecida Silva <br />
Nilza da Silva Mendonça</p>

<p><span style=""color:#3498db""><strong>REPRESENTANTE DOS USUÁRIOS</strong>:</span> <br />
Aline Cristina da Silva<br />
Tatiana Mary de Oliveira Souza</p>

<p><span style=""color:#3498db""><strong>REPRESENTANTE DOS TRABALHADORES DO SUAS</strong>:</span> <br />
Miria Santana Nogueira<br />
Luci Mara Eufrazio Floriano Ismael</p>
","Segunda a Sexta-feira: 08h ÀS 11h / 13h ÀS 17h","(34) 3199 - 9990","cmas@fronteira.mg.gov.br","1213.jpg","Avenida Brasil, Nº 220, Vila Residencial de Furnas - CEP: 38.230-000","<p>Conselho Municipal de Assistência Social. O CMAS é um conselho de caráter deliberativo e de controle social, responsável por formular e acompanhar a execução da política de assistência social em âmbito municipal. Ele é composto por representantes do governo e da sociedade civil, incluindo usuários ou beneficiários dos serviços de assistência social, trabalhadores da área, entidades e organizações da sociedade civil.</p>

<p>Entre as suas atribuições, destacam-se a aprovação do Plano Municipal de Assistência Social, a fiscalização da gestão dos recursos e ações da política de assistência social, a deliberação sobre o financiamento e a aprovação de projetos e programas, a proposição de normas complementares para a execução da política de assistência social, entre outras atividades.</p>

<p>O CMAS é um importante espaço de participação social e de fortalecimento da democracia, tendo em vista que representa a voz da sociedade na formulação e acompanhamento das políticas públicas de assistência social. Ele contribui para garantir a efetividade dos direitos sociais e a proteção social de indivíduos e famílias em situação de vulnerabilidade e risco social.</p>
","4/4/2023 15:04:53","4/4/2023 15:50:23","0"
"7","8","CONSELHO MUNICIPAL DE TURISMO – COMTUR E FUNDO MUNICIPAL DE TURISMO - FUMTUR DE FRONTEIRA/MG","<p><strong><span style=""font-size:12.0pt"">REPRESENTANTES DA SECRETARIA MUNICIPAL DE GOVERNO E DESENVOLVIMENTO ECONÔMICO.</span></strong></p>

<p style=""text-align:justify""><span style=""color:#2980b9""><strong><span style=""font-size:12.0pt"">PRESIDENTE:</span></strong></span> <span style=""font-size:12.0pt"">Dilvaci Rodrigues Nascimento;</span><br />
<strong><span style=""font-size:12.0pt""><span style=""color:#2980b9"">VICE PRESIDENTE: </span></span></strong><span style=""font-size:12.0pt"">Lusandra Rodrigues das Neves Barboza;</span></p>

<p style=""text-align:justify""><span style=""color:#2980b9""><strong><span style=""font-size:12.0pt"">SECRETARIA:</span></strong></span><span style=""font-size:12.0pt""><span style=""color:#2980b9""> </span>Cristina de Cassia Prado Oliveira;</span><br />
<strong><span style=""font-size:12.0pt""><span style=""color:#2980b9"">VICE SECRETARIA:</span></span></strong><span style=""font-size:12.0pt""> Rosangela Aparecida de Oliveira; </span></p>

<p style=""text-align:justify""><span style=""color:#2980b9""><strong><span style=""font-size:12.0pt"">TESOUREIRA:</span></strong></span><span style=""font-size:12.0pt""><span style=""color:#2980b9""> </span>Claudia Cristina da Silveira Pires.</span></p>

<p><strong><span style=""font-size:12.0pt"">REPRESENTANTE DA SECRETARIA MUNICIPAL DE OBRAS E SERVIÇOS URBANOS;</span></strong></p>

<p style=""text-align:justify""><span style=""color:#2980b9""><strong><span style=""font-size:12.0pt"">TITULAR: </span></strong></span><span style=""font-size:12.0pt"">Cristina de Cassia Prado Oliveira;</span><br />
<strong><span style=""font-size:12.0pt""><span style=""color:#2980b9"">SUPLENTE: </span></span></strong><span style=""font-size:12.0pt"">Vago</span></p>

<p><strong><span style=""font-size:12.0pt"">REPRESENTANTE DA SECRETARIA MUNICIPAL DE CULTURA ESPORTE E LAZER;</span></strong></p>

<p style=""text-align:justify""><span style=""color:#2980b9""><strong><span style=""font-size:12.0pt"">TITULAR: </span></strong></span><span style=""font-size:12.0pt"">Luiz Fernando Pineis;</span><br />
<strong><span style=""font-size:12.0pt""><span style=""color:#2980b9"">SUPLENTE: </span></span></strong><span style=""font-size:12.0pt"">Micaele Mendes Pereira Cotrim;</span></p>

<p style=""text-align:justify""><strong><span style=""font-size:12.0pt"">REPRESENTANTE DA SECRETARIA MUNICIPAL DE EDUCAÇÃO;</span></strong></p>

<p style=""text-align:justify""><strong><span style=""font-size:12.0pt""><span style=""color:#2980b9"">TITULAR:</span> </span></strong><span style=""font-size:12.0pt"">Paula Feres Silva;</span><br />
<strong><span style=""font-size:12.0pt""><span style=""color:#2980b9"">SUPLENTE: </span></span></strong><span style=""font-size:12.0pt"">Carla Peixoto; </span></p>

<p><strong><span style=""font-size:12.0pt"">REPRESENTANTE DA SECRETARIA MUNICIPAL DE ADMINISTRAÇÃO, PLANEJAMENTO E FINANÇAS;</span></strong></p>

<p style=""text-align:justify""><span style=""color:#2980b9""><strong><span style=""font-size:12.0pt"">TITULAR:</span></strong></span><span style=""font-size:12.0pt""> Rosa Elaine de Paula Ribeiro;</span><br />
<strong><span style=""font-size:12.0pt""><span style=""color:#2980b9"">SUPLENTE:</span></span></strong><span style=""font-size:12.0pt""><span style=""color:#2980b9""> </span>Vago</span></p>

<p style=""text-align:justify""><strong><span style=""font-size:12.0pt"">REPRESENTANTE DO SETOR DE HOTELARIA E SIMILARES;</span></strong></p>

<p style=""text-align:justify""><span style=""color:#2980b9""><strong><span style=""font-size:12.0pt"">TITULAR:</span></strong></span><span style=""font-size:12.0pt""><span style=""color:#2980b9""> </span>Janete Amélia Alves Hussain;</span><br />
<strong><span style=""font-size:12.0pt""><span style=""color:#2980b9"">SUPLENTE:</span></span></strong><span style=""font-size:12.0pt""><span style=""color:#2980b9""> </span>Joaquim Candido da Silva;</span></p>

<p style=""text-align:justify""><strong><span style=""font-size:12.0pt"">REPRESENTANTE DO SETOR GASTRONÖMICO, BARES E SIMILARES;</span></strong></p>

<p style=""text-align:justify""><span style=""color:#2980b9""><strong><span style=""font-size:12.0pt"">TITULAR:</span></strong></span><span style=""font-size:12.0pt""> Jose Luiz Gomes Júnior;</span><br />
<strong><span style=""font-size:12.0pt""><span style=""color:#2980b9"">SUPLENTE:</span></span></strong><span style=""font-size:12.0pt""> Dilvaci Rodrigues Nascimento;</span></p>

<p><strong><span style=""font-size:12.0pt"">REPRESENTANTE DO SETOR DE EVENTOS/ATRAÇÕES TURÍSTICAS E ASSOCIAÇAO DE ARTESÃOS;</span></strong></p>

<p style=""text-align:justify""><span style=""color:#2980b9""><strong><span style=""font-size:12.0pt"">TITULAR:</span></strong></span><span style=""font-size:12.0pt""><span style=""color:#2980b9""> </span>Mariana Caetano Fernandes;</span><br />
<strong><span style=""font-size:12.0pt""><span style=""color:#2980b9"">SUPLENTE:</span></span></strong><span style=""font-size:12.0pt""><span style=""color:#2980b9""> </span>Josineide Morais da Silva Bento; </span></p>

<p><strong><span style=""font-size:12.0pt"">REPRESENTANTE DOS CONDOMÍNIOS E EMPREENDIMENTOS IMOBILIÁRIOS;</span></strong></p>

<p style=""text-align:justify""><span style=""color:#2980b9""><strong><span style=""font-size:12.0pt"">TITULAR:</span></strong></span><span style=""font-size:12.0pt""><span style=""color:#2980b9""> </span>Augustinho Edisson da Silva;</span><br />
<strong><span style=""font-size:12.0pt""><span style=""color:#2980b9"">SUPLENTE:</span></span></strong><span style=""font-size:12.0pt""><span style=""color:#2980b9""> </span>Márcio Rogério da Costa;</span></p>

<p style=""text-align:justify""><strong><span style=""font-size:12.0pt"">REPRESENTANTE DA POLÍCIA MILITAR DO ESTADO DE MINAS GERAIS;</span></strong></p>

<p style=""text-align:justify""><span style=""color:#2980b9""><strong><span style=""font-size:12.0pt"">TITULAR:</span></strong></span><span style=""font-size:12.0pt""><span style=""color:#2980b9""> </span>Ademir Barbosa da Silva;</span><br />
<strong><span style=""font-size:12.0pt""><span style=""color:#2980b9"">SUPLENTE:</span></span></strong><span style=""font-size:12.0pt""><span style=""color:#2980b9""> </span>Geneide Morais da Silva;</span></p>

<p style=""text-align:justify""><strong><span style=""font-size:12.0pt"">REPRESENTANTE DO SETOR DO COMÉRCIO VAREJISTA DE ALIMENTOS E BEBIDAS.</span></strong></p>

<p style=""text-align:justify""><span style=""color:#2980b9""><strong><span style=""font-size:12.0pt"">TITULAR:</span></strong></span><span style=""font-size:12.0pt""><span style=""color:#2980b9""> </span>Adalberto Luciano de Lima;</span><br />
<strong><span style=""font-size:12.0pt""><span style=""color:#2980b9"">SUPLENTE:</span></span></strong><span style=""font-size:12.0pt""> Wendel Ferreira Vilela;</span></p>

<p style=""text-align:justify""> </p>
","8h00 às 11h00 e das 13h00 às 17h00","(34) 3199 – 9990","turismo@fronteira.mg.gov.br","whatsapp-image-2023-07-07-at-161245.jpg","Avenida Minas Gerais nº 110 – Centro ","<p style=""text-align:justify""><span style=""font-size:12.0pt"">O COMTUR, dada a sua característica de Conselho Municipal, é uma instância de planejamento participativo nas gestões locais, sendo constituído como um fórum deliberativo no tema turismo. É um órgão da Administração Municipal, ligado ao poder executivo, de caráter consultivo e/ou deliberativo, composto por representantes do poder público, empresários e sociedade civil.</span></p>

<p style=""text-align:justify""><span style=""font-size:12.0pt"">Este órgão é capaz de promover a descentralização administrativa, constituindo um espaço de vivência e de construção contínua da democracia, essencial para uma gestão participativa. Neste sentido, os conselhos permitem que a comunidade contribua, participe e fiscalize as ações do governo de forma legítima.</span></p>

<p style=""text-align:justify""><span style=""background-color:white""><strong><span style=""font-size:12.0pt""><span style=""color:black"">MISSÃO DO COMTUR</span></span></strong></span></p>

<p style=""text-align:justify""><span style=""background-color:white""><span style=""font-size:12.0pt""><span style=""color:black"">Consolidar parcerias e proporcionar, através de suas ações, o envolvimento e o comprometimento dos mais variados setores socioeconômicos do município no fomento da atividade turística.</span></span></span></p>

<p style=""text-align:justify""><strong><span style=""font-size:12.0pt""><span style=""background-color:white""><span style=""color:black"">FUNÇÃO DO COMTUR</span></span></span></strong></p>

<ul>
	<li style=""text-align:justify""><span style=""font-size:12.0pt"">Auxiliar na formulação e implantação da Política Municipal de Turismo, observando o Plano Diretor e as demais legislações relacionadas à atividade turística no município; </span></li>
	<li style=""text-align:justify""><span style=""font-size:12.0pt"">Auxiliar a Secretaria Municipal de Turismo ou órgão equivalente no planejamento e execução de ações, planos, programas e projetos, deliberando sobre sua importância para definir prioridades; </span></li>
	<li style=""text-align:justify""><span style=""font-size:12.0pt"">Zelar para que o desenvolvimento da atividade turística no município se faça sob a defesa da ética e da sustentabilidade ambiental, social, cultural, econômica e política, propondo normas que contribuam com a produção e adequação da legislação turística, tendo por objetivo a qualidade do turismo municipal; </span></li>
	<li style=""text-align:justify""><span style=""font-size:12.0pt"">Fornecer, quando solicitados, auxílio e informações ao Poder Público e à comunidade, quanto aos programas e projetos que visem à melhoria da prática da atividade turística no município;</span></li>
	<li style=""text-align:justify""><span style=""font-size:12.0pt"">Adotar medidas e apoiar iniciativas em favor do desenvolvimento do turismo e atividades próximas, objetivando a saúde e o bem-estar do cidadão, observando o cumprimento dos princípios e normas legais;</span></li>
	<li style=""text-align:justify""><span style=""font-size:12.0pt"">Orientar e fiscalizar o gerenciamento do investimento na atividade turística;</span></li>
	<li style=""text-align:justify""><span style=""font-size:12.0pt"">Gerenciar o Fundo Municipal de Turismo;</span></li>
	<li><span style=""font-size:12.0pt"">Acompanhar a gestão de recursos públicos voltados para a prática do turismo, bem como avaliar os ganhos sociais obtidos e o desempenho dos   e projetos aprovados, manifestando-se a respeito e sugerindo aprimoramento;</span></li>
	<li><span style=""font-size:12.0pt"">Coordenar, incentivar e promover o Turismo no município;</span></li>
	<li><span style=""font-size:12.0pt"">Propor à Administração Municipal e à sociedade civil medidas de difusão e amparo ao Turismo em colaboração com órgãos e entidades oficiais especializadas;</span></li>
	<li><span style=""font-size:12.0pt"">Promover a articulação de toda a sociedade através de campanhas que propiciem a transformação de cada cidadão em agente da imagem turística e defensor do patrimônio cultural e ambiental do município;</span></li>
	<li><span style=""font-size:12.0pt"">Estimular as atividades culturais e turísticas no município.</span></li>
</ul>

<p style=""text-align:justify""><strong><span style=""font-size:12.0pt"">FUNDO MUNICIPAL DE TURISMO - FUMTUR</span></strong></p>

<p style=""text-align:justify""><span style=""font-size:12.0pt"">O FUMTUR - Fundo Municipal de Turismo é uma conta bancária exclusiva, vinculada à administração financeira da Prefeitura, destinada a receber recursos, próprios ou de terceiros, a serem investidos no desenvolvimento das ações previstas na Lei da Política Municipal de Turismo e no Plano Municipal de Turismo. </span></p>

<p style=""text-align:justify""><span style=""font-size:12.0pt"">Gerenciado pelo COMTUR, o FUMTUR apresenta autonomia na utilização dos recursos, mas dependência política e contábil da prefeitura municipal. Ou seja, os recursos do FUMTUR deverão ser destinados para a execução das ações propostas na Lei da Política Municipal de Turismo e no Plano Municipal de Turismo, estando os custos para manutenção administrativa da secretaria de turismo desvinculados deste recurso.</span></p>

<p style=""text-align:justify""><span style=""font-size:12.0pt"">O COMTUR, dada a sua característica de Conselho Municipal, é uma instância de planejamento participativo nas gestões locais, sendo constituído como um fórum deliberativo no tema turismo. É um órgão da Administração Municipal, ligado ao poder executivo, de caráter consultivo e/ou deliberativo, composto por representantes do poder público, empresários e sociedade civil.</span></p>

<p style=""text-align:justify""><span style=""font-size:12.0pt"">Este órgão é capaz de promover a descentralização administrativa, constituindo um espaço de vivência e de construção contínua da democracia, essencial para uma gestão participativa. Neste sentido, os conselhos permitem que a comunidade contribua, participe e fiscalize as ações do governo de forma legítima.</span></p>

<p style=""text-align:justify""><span style=""background-color:white""><strong><span style=""font-size:12.0pt""><span style=""color:black"">MISSÃO DO COMTUR</span></span></strong></span></p>

<p style=""text-align:justify""><span style=""background-color:white""><span style=""font-size:12.0pt""><span style=""color:black"">Consolidar parcerias e proporcionar, através de suas ações, o envolvimento e o comprometimento dos mais variados setores socioeconômicos do município no fomento da atividade turística.</span></span></span></p>

<p style=""text-align:justify""><strong><span style=""font-size:12.0pt""><span style=""background-color:white""><span style=""color:black"">FUNÇÃO DO COMTUR</span></span></span></strong></p>

<ul>
	<li style=""text-align:justify""><span style=""font-size:12.0pt"">Auxiliar na formulação e implantação da Política Municipal de Turismo, observando o Plano Diretor e as demais legislações relacionadas à atividade turística no município; </span></li>
	<li style=""text-align:justify""><span style=""font-size:12.0pt"">Auxiliar a Secretaria Municipal de Turismo ou órgão equivalente no planejamento e execução de ações, planos, programas e projetos, deliberando sobre sua importância para definir prioridades; </span></li>
	<li style=""text-align:justify""><span style=""font-size:12.0pt"">Zelar para que o desenvolvimento da atividade turística no município se faça sob a defesa da ética e da sustentabilidade ambiental, social, cultural, econômica e política, propondo normas que contribuam com a produção e adequação da legislação turística, tendo por objetivo a qualidade do turismo municipal; </span></li>
	<li style=""text-align:justify""><span style=""font-size:12.0pt"">Fornecer, quando solicitados, auxílio e informações ao Poder Público e à comunidade, quanto aos programas e projetos que visem à melhoria da prática da atividade turística no município;</span></li>
	<li style=""text-align:justify""><span style=""font-size:12.0pt"">Adotar medidas e apoiar iniciativas em favor do desenvolvimento do turismo e atividades próximas, objetivando a saúde e o bem-estar do cidadão, observando o cumprimento dos princípios e normas legais;</span></li>
	<li style=""text-align:justify""><span style=""font-size:12.0pt"">Orientar e fiscalizar o gerenciamento do investimento na atividade turística;</span></li>
	<li style=""text-align:justify""><span style=""font-size:12.0pt"">Gerenciar o Fundo Municipal de Turismo;</span></li>
	<li><span style=""font-size:12.0pt"">Acompanhar a gestão de recursos públicos voltados para a prática do turismo, bem como avaliar os ganhos sociais obtidos e o desempenho dos   e projetos aprovados, manifestando-se a respeito e sugerindo aprimoramento;</span></li>
	<li><span style=""font-size:12.0pt"">Coordenar, incentivar e promover o Turismo no município;</span></li>
	<li><span style=""font-size:12.0pt"">Propor à Administração Municipal e à sociedade civil medidas de difusão e amparo ao Turismo em colaboração com órgãos e entidades oficiais especializadas;</span></li>
	<li><span style=""font-size:12.0pt"">Promover a articulação de toda a sociedade através de campanhas que propiciem a transformação de cada cidadão em agente da imagem turística e defensor do patrimônio cultural e ambiental do município;</span></li>
	<li><span style=""font-size:12.0pt"">Estimular as atividades culturais e turísticas no município.</span></li>
</ul>

<p style=""text-align:justify""><strong><span style=""font-size:12.0pt"">FUNDO MUNICIPAL DE TURISMO - FUMTUR</span></strong></p>

<p style=""text-align:justify""><span style=""font-size:12.0pt"">O FUMTUR - Fundo Municipal de Turismo é uma conta bancária exclusiva, vinculada à administração financeira da Prefeitura, destinada a receber recursos, próprios ou de terceiros, a serem investidos no desenvolvimento das ações previstas na Lei da Política Municipal de Turismo e no Plano Municipal de Turismo. </span></p>

<p style=""text-align:justify""><span style=""font-size:12.0pt"">Gerenciado pelo COMTUR, o FUMTUR apresenta autonomia na utilização dos recursos, mas dependência política e contábil da prefeitura municipal. Ou seja, os recursos do FUMTUR deverão ser destinados para a execução das ações propostas na Lei da Política Municipal de Turismo e no Plano Municipal de Turismo, estando os custos para manutenção administrativa da secretaria de turismo desvinculados deste recurso.</span></p>
","25/7/2023 10:34:33","25/7/2023 10:36:58","0"
