"id","idPagina","capa","nomeImg","remoto"
"10","155","1","turismo02.jpg","1"
"14","158","1","581085-1.jpg","0"
"18","162","0","lave2.jpg","0"
"19","200","0","boletimsite1204.jpg","0"
"20","200","0","boletimsite1004.jpg","0"
"21","200","0","boletimsite0104.jpg","0"
"22","200","0","boletimsite0904.jpg","0"
"23","200","0","boletimsite0604.jpg","0"
"24","200","0","boletimsite0704.jpg","0"
"25","200","0","boletimsite0804.jpg","0"
"26","200","0","boletimsite1304.jpg","0"
"27","200","0","boletimsite1404.jpg","0"
"28","200","0","boletimsite1504.jpg","0"
"29","200","0","boletimsite1604.jpg","0"
"30","200","0","boletimsite1704.jpg","0"
"31","200","0","boletimsite1904.jpg","0"
"32","200","0","boletimsite2104.jpg","0"
"34","200","0","boletimsite.jpg","0"
"35","200","0","boletimsite2304.jpg","0"
"37","200","0","boletimsite2404.jpg","0"
"40","200","0","boletimsite2604_(515).jpg","0"
"41","200","0","boletimsite2704.jpg","0"
"42","200","0","boletimsite2804.jpg","0"
"43","200","0","boletimsite2904.jpg","0"
"44","200","0","boletimsite3004.jpg","0"
"45","200","0","boletimsite0105.jpg","0"
"46","200","0","boletimsite0305.jpg","0"
"47","200","0","boletimsite0505.jpg","0"
"48","200","0","boletimsite0605.jpg","0"
"49","200","0","boletimsite0705.jpg","0"
"51","200","0","boletimsite0805.jpg","0"
"52","200","0","boletimsite1005.jpg","0"
"53","200","0","boletimsite1205.jpg","0"
"54","200","0","boletimsite1105.jpg","0"
"55","200","0","boletimsite1305.jpg","0"
"56","200","0","boletimsite1405.jpg","0"
"57","200","0","boletimsite1705.jpg","0"
"59","200","0","boletimsite1805.jpg","0"
"60","200","0","boletimsite1905.jpg","0"
"61","200","0","boletimsite2005.jpg","0"
"62","200","0","boletimsite2105.jpg","0"
"63","200","0","boletimsite2405.jpg","0"
"64","200","0","boletimsite2505.jpg","0"
"65","200","0","boletimsite2605.jpg","0"
"66","200","0","boletimsite2705.jpg","0"
"67","200","0","boletimsite2805.jpg","0"
"68","200","0","boletimsite3105.jpg","0"
"69","200","0","boletimsite0106.jpg","0"
"70","200","0","boletimsite0206.jpg","0"
"71","200","0","boletimsite0406.jpg","0"
"72","200","0","boletimsite0706.jpg","0"
"73","200","0","boletimsite0906.jpg","0"
"74","200","0","boletimsite1006.jpg","0"
"76","200","0","boletimsite1106.jpg","0"
"77","200","0","boletimsite1406.jpg","0"
"78","200","0","boletimsite2106.jpg","0"
"79","200","0","boletimsite2206.jpg","0"
"80","200","0","boletimsite2306.jpg","0"
"81","200","0","boletimsite2406.jpg","0"
"82","200","0","boletimsite2506.jpg","0"
"83","200","0","boletimsite2806.jpg","0"
"84","200","0","boletimsite2906.jpg","0"
"85","200","0","boletimsite3006.jpg","0"
"86","200","0","boletimsite0107.jpg","0"
"87","200","0","boletimsite0607.jpg","0"
"88","200","0","boletimsite0707.jpg","0"
"89","200","0","boletimsite0807.jpg","0"
"90","200","0","boletimsite0907.jpg","0"
"91","200","0","boletimsite1507.jpg","0"
"92","200","0","boletimsite2707.jpg","0"
"93","200","0","boletimsite2807.jpg","0"
"94","200","0","boletimsite2907.jpg","0"
"95","200","0","boletimsite3007.jpg","0"
"96","200","0","boletimsite0208.jpg","0"
"97","200","0","boletimsite0308.jpg","0"
"98","200","0","boletimsite0408.jpg","0"
"99","200","0","boletimsite0508.jpg","0"
"100","200","0","boletimsite0908.jpg","0"
"101","200","0","boletimsite1008.jpg","0"
"102","200","0","boletimsite1108.jpg","0"
"103","200","0","boletimsite1208.jpg","0"
"104","200","0","boletimsite1608.jpg","0"
"105","200","0","boletimsite1708.jpg","0"
"106","200","0","boletimsite1808.jpg","0"
"107","200","0","boletimsite1908.jpg","0"
"108","200","0","boletimsite2008.jpg","0"
"109","200","0","boletimsite2308.jpg","0"
"110","200","0","boletimsite2408.jpg","0"
"111","200","0","boletimsite2508.jpg","0"
"112","200","0","boletimsite2608.jpg","0"
"113","200","0","boletimsite2708.jpg","0"
"114","200","0","boletimsite3008.jpg","0"
"115","200","0","boletimsite0109.jpg","0"
"116","200","0","boletimsite0209.jpg","0"
"117","200","0","boletimsite0809.jpg","0"
"118","200","0","boletimsite0909.jpg","0"
"119","200","0","boletimsite1009.jpg","0"
"120","200","0","boletimsite1309.jpg","0"
"121","200","0","boletimsite1409.jpg","0"
"122","200","0","boletimsite1509.jpg","0"
"123","200","0","boletimsite1609.jpg","0"
"124","200","0","boletimsite1709.jpg","0"
"125","200","0","boletimsite2009.jpg","0"
"127","200","0","boletimsite2109.jpg","0"
"128","200","0","boletimsite2209.jpg","0"
"129","200","0","boletimsite2309.jpg","0"
"130","200","0","boletimsite2709.jpg","0"
"131","200","0","boletimsite2809.jpg","0"
"132","200","0","boletimsite2909.jpg","0"
"133","200","0","boletimsite3009.jpg","0"
"134","200","0","boletimsite0110.jpg","0"
"136","200","0","boletimsite0410.jpg","0"
"137","200","0","boletimsite0610.jpg","0"
"138","200","0","boletimsite0710.jpg","0"
"139","200","0","boletimsite0810.jpg","0"
"140","200","0","boletimsite1310.jpg","0"
"141","200","0","boletimsite1410.jpg","0"
"142","200","0","boletimsite1810.jpg","0"
"143","200","0","boletimsite1910.jpg","0"
"144","200","0","boletimsite2010.jpg","0"
"145","200","0","boletimsite2210.jpg","0"
"146","200","0","boletimsite2510.jpg","0"
"147","200","0","boletimsite2610.jpg","0"
"148","200","0","boletimsite2710.jpg","0"
"149","200","0","boletimsite2810.jpg","0"
"150","200","0","boletimsite0111.jpg","0"
"151","200","0","boletimsite0311.jpg","0"
"152","200","0","boletimsite0411.jpg","0"
"153","200","0","boletimsite1211.jpg","0"
"154","200","0","boletimsite1611.jpg","0"
"155","200","0","boletimsite1711.jpg","0"
"156","200","0","boletimsite1811.jpg","0"
"157","200","0","boletimsite2911.jpg","0"
"158","200","0","boletimsite3011.jpg","0"
"159","200","0","boletimsite0112.jpg","0"
"160","200","0","boletimsite0212.jpg","0"
"161","200","0","boletimsite0312.jpg","0"
"162","200","0","boletimsite0612.jpg","0"
"163","200","0","boletimsite0712.jpg","0"
"164","200","0","boletimsite0912.jpg","0"
"165","200","0","boletimsite1012.jpg","0"
"166","200","0","boletimsite1312.jpg","0"
"167","200","0","boletimsite1412.jpg","0"
"168","200","0","boletimsite1512.jpg","0"
"169","200","0","boletimsite1712.jpg","0"
"170","200","0","boletimsite2012.jpg","0"
"171","200","0","boletimsite2112.jpg","0"
"172","200","0","boletimsite2712.jpg","0"
"173","200","0","boletimsite2912.jpg","0"
"174","200","0","boletimsite3012.jpg","0"
"175","200","0","boletimsite0301.jpg","0"
"176","200","0","boletimsite0401.jpg","0"
"177","200","0","boletimsite0501.jpg","0"
"178","200","0","boletimsite0601.jpg","0"
"179","200","0","boletimsite0701.jpg","0"
"180","200","0","boletimsite1001.jpg","0"
"181","200","0","boletimsite1101.jpg","0"
"182","200","0","boletimsite1201.jpg","0"
"183","200","0","boletimsite1301.jpg","0"
"184","200","0","boletimsite1401.jpg","0"
"185","200","0","boletimsite1801.jpg","0"
"186","200","0","boletimsite1901.jpg","0"
"187","200","0","boletimsite2001.jpg","0"
"188","200","0","boletimsite2101.jpg","0"
"189","200","0","boletimsite2401.jpg","0"
"190","200","0","boletimsite2601.jpg","0"
"191","200","0","boletimsite2501.jpg","0"
"192","200","0","boletimsite2701.jpg","0"
"193","200","0","boletimsite3101.jpg","0"
"194","200","0","boletimsite0102.jpg","0"
"195","200","0","boletimsite0202.jpg","0"
"196","200","0","boletimsite0302.jpg","0"
"197","200","0","boletimsite0402.jpg","0"
"198","200","0","boletimsite0702.jpg","0"
"199","200","0","boletimsite0802.jpg","0"
"200","200","0","boletimsite0902.jpg","0"
"201","200","0","boletimsite1002.jpg","0"
"202","200","0","boletimsite1002_(45).jpg","0"
"203","200","0","boletimsite1002_(570).jpg","0"
"204","200","0","boletimsite1102.jpg","0"
"205","200","0","boletimsite1402.jpg","0"
"206","200","0","boletimsite1702.jpg","0"
"207","200","0","boletimsite1802.jpg","0"
"209","200","0","boletimsite2402.jpg","0"
"210","200","0","boletimsite0303.jpg","0"
"211","200","0","boletimsite0403.jpg","0"
"212","200","0","boletimsite0703.jpg","0"
"213","200","0","boletimsite0803.jpg","0"
"214","200","0","boletimsite0903.jpg","0"
"215","200","0","boletimsite1003.jpg","0"
"216","200","0","boletimsite1103.jpg","0"
"217","200","0","boletimsite1403.jpg","0"
"218","200","0","boletimsite1503.jpg","0"
"219","200","0","boletimsite1603.jpg","0"
"220","200","0","boletimsite1703.jpg","0"
"221","200","0","boletimsite1803.jpg","0"
"222","200","0","boletimsite2103.jpg","0"
"223","200","0","boletimsite2103_(799).jpg","0"
"224","200","0","boletimsite2203.jpg","0"
"225","200","0","boletimsite2303.jpg","0"
"226","200","0","boletimsite2403.jpg","0"
"227","200","0","boletimsite2503.jpg","0"
"228","200","0","boletimsite2803.jpg","0"
"229","200","0","boletimsite2903.jpg","0"
"230","200","0","boletimsite3003.jpg","0"
"231","200","0","boletimsite3103.jpg","0"
"232","200","0","boletimsite0104_(438).jpg","0"
"233","200","0","boletimsite0404.jpg","0"
"234","200","0","boletimsite0504.jpg","0"
"235","200","0","boletimsite0604_(34).jpg","0"
"236","200","0","boletimsite0704_(674).jpg","0"
"237","200","0","boletimsite0804_(269).jpg","0"
"239","200","0","informeboletimsite_(389).jpg","0"
"240","200","0","boletimsite1404_(932).jpg","0"
"241","200","0","boletimsite2904_(347).jpg","0"
"242","200","0","boletimsite0605_(852).jpg","0"
"243","200","0","boletimsite1205_(295).jpg","0"
"244","200","0","boletimsite2005_(57).jpg","0"
"245","200","0","boletimsite2305.jpg","0"
"246","200","0","boletimsite2505_(378).jpg","0"
"247","200","0","boletimsite2605_(603).jpg","0"
"248","200","0","boletimsite2705_(606).jpg","0"
"249","200","0","boletimsite0206_(883).jpg","0"
"250","200","0","boletimsite0306.jpg","0"
"251","200","0","boletimsite0606.jpg","0"
"252","200","0","boletimsite0706_(130).jpg","0"
"253","200","0","boletimsite0806.jpg","0"
"254","200","0","boletimsite0906_(240).jpg","0"
"255","200","0","boletimsite1006_(229).jpg","0"
"256","200","0","boletimsite1306.jpg","0"
"257","200","0","boletimsite1406_(234).jpg","0"
"258","200","0","boletimsite1506.jpg","0"
"259","200","0","boletimsite2106_(509).jpg","0"
"260","200","0","boletimsite2206_(508).jpg","0"
"261","200","0","boletimsite2406_(246).jpg","0"
"262","200","0","boletimsite2806_(680).jpg","0"
"263","200","0","boletimsite3006_(84).jpg","0"
"264","200","0","boletimsite0107_(495).jpg","0"
"265","200","0","boletimsite0407.jpg","0"
"266","200","0","boletimsite0507.jpg","0"
"267","200","0","boletimsite0607_(96).jpg","0"
"268","200","0","boletimsite0807_(132).jpg","0"
"269","200","0","boletimsite1107.jpg","0"
"270","200","0","boletimsite1207.jpg","0"
"271","200","0","boletimsite1307.jpg","0"
"272","200","0","boletimsite1407.jpg","0"
"274","200","0","boletimsite1507_(612).jpg","0"
"275","200","0","boletimsite1907.jpg","0"
"276","200","0","boletimsite2007.jpg","0"
"277","200","0","boletimsite2107.jpg","0"
"278","200","0","boletimsite2607.jpg","0"
"279","200","0","boletimsite2907_(50).jpg","0"
"280","200","0","boletimsite0108.jpg","0"
"281","200","0","boletimsite0208_(980).jpg","0"
"282","200","0","boletimsite0308_(932).jpg","0"
"283","200","0","boletimsite0508_(353).jpg","0"
"284","200","0","boletimsite0908_(393).jpg","0"
"285","200","0","boletimsite1008_(80).jpg","0"
"286","200","0","boletimsite1108_(671).jpg","0"
"287","200","0","boletimsite1508.jpg","0"
"288","200","0","boletimsite1608_(485).jpg","0"
"289","200","0","boletimsite1708_(142).jpg","0"
"290","200","0","boletimsite1808_(16).jpg","0"
"291","200","0","boletimsite1908_(580).jpg","0"
"292","200","0","boletimsite2208.jpg","0"
"293","200","0","boletimsite2408_(223).jpg","0"
"294","200","0","boletimsite2508_(12).jpg","0"
"295","200","0","boletimsite2608_(831).jpg","0"
"296","200","0","boletimsite2908.jpg","0"
"297","200","0","boletimsite3008_(648).jpg","0"
"298","200","0","boletimsite3108.jpg","0"
"299","200","0","boletimsite0509.jpg","0"
"300","200","0","boletimsite0609.jpg","0"
"301","200","0","boletimsite1209.jpg","0"
"303","200","0","boletimsite1409_(422).jpg","0"
"304","200","0","boletimsite1509_(618).jpg","0"
"305","200","0","boletimsite2309_(118).jpg","0"
"306","200","1","boletimsite1612.jpg","0"
"307","274","1","convocacao-de-reuniao-extraordinaria-para-oitivas.pdf","0"
"308","285","1","aldirblanccadastro.jpg","0"
"309","285","1","aldirblanccadastro_(601).jpg","0"
"310","315","1","whatsapp-image-2025-02-20-at-165914.jpeg","0"
